{"cameraMode":{"drawMode":0,"name":"Shaded","section":"Shading Mode"},"sceneLighting":true,"audioPlay":false,"sceneViewState":{"showFog":true,"showMaterialUpdate":false,"showSkybox":true,"showFlares":true,"showImageEffects":true,"showParticleSystems":true,"showVisualEffectGraphs":true,"m_FxEnabled":true},"in2DMode":false,"pivot":{"x":-3.6027469635009767,"y":2.608576536178589,"z":6.4072394371032719},"rotation":{"x":0.008790734224021435,"y":-0.21431569755077363,"z":0.0019287926843389869,"w":0.9767256379127502},"size":6.921167373657227,"orthographic":false}